FID,AREA,LENGTH,Shape__Area,Shape__Length
1,139482120.263,54113.4195418,264945614.519531,74599.2084838532
